[{"model": "admin.logentry", "pk": 1, "fields": {"action_time": "2021-12-06T18:25:08.562Z", "user": 2, "content_type": 7, "object_id": "1", "object_repr": "Test | Cambridge", "action_flag": 1, "change_message": "[{\"added\": {}}]"}}, {"model": "admin.logentry", "pk": 2, "fields": {"action_time": "2021-12-06T19:21:42.795Z", "user": 2, "content_type": 7, "object_id": "2", "object_repr": "Tatte Bakery & Cafe | Cambridge", "action_flag": 1, "change_message": "[{\"added\": {}}]"}}, {"model": "admin.logentry", "pk": 3, "fields": {"action_time": "2021-12-06T19:21:51.066Z", "user": 2, "content_type": 6, "object_id": "3", "object_repr": "lucyhurlbut", "action_flag": 2, "change_message": "[{\"changed\": {\"fields\": [\"Is staff\"]}}]"}}, {"model": "admin.logentry", "pk": 4, "fields": {"action_time": "2021-12-06T19:21:58.773Z", "user": 2, "content_type": 6, "object_id": "3", "object_repr": "lucyhurlbut", "action_flag": 2, "change_message": "[{\"changed\": {\"fields\": [\"User permissions\"]}}]"}}, {"model": "admin.logentry", "pk": 5, "fields": {"action_time": "2021-12-06T19:22:08.945Z", "user": 2, "content_type": 6, "object_id": "4", "object_repr": "Jonathan", "action_flag": 2, "change_message": "[{\"changed\": {\"fields\": [\"Is staff\", \"User permissions\"]}}]"}}, {"model": "admin.logentry", "pk": 6, "fields": {"action_time": "2021-12-06T19:25:16.150Z", "user": 3, "content_type": 7, "object_id": "3", "object_repr": "Felipe's Taqueria | Cambridge, Massachusetts", "action_flag": 1, "change_message": "[{\"added\": {}}]"}}, {"model": "admin.logentry", "pk": 7, "fields": {"action_time": "2021-12-06T19:25:58.923Z", "user": 3, "content_type": 7, "object_id": "4", "object_repr": "Tatte Bakery & Cafe | Cambridge, Massachusetts", "action_flag": 1, "change_message": "[{\"added\": {}}]"}}, {"model": "admin.logentry", "pk": 8, "fields": {"action_time": "2021-12-06T19:26:13.392Z", "user": 3, "content_type": 7, "object_id": "5", "object_repr": "Toscano | Cambridge, Massachusetts", "action_flag": 1, "change_message": "[{\"added\": {}}]"}}, {"model": "admin.logentry", "pk": 9, "fields": {"action_time": "2021-12-06T19:26:38.170Z", "user": 3, "content_type": 7, "object_id": "6", "object_repr": "El Jefe's Taqueria | Cambridge, Massachusetts", "action_flag": 1, "change_message": "[{\"added\": {}}]"}}, {"model": "admin.logentry", "pk": 10, "fields": {"action_time": "2021-12-06T19:27:13.410Z", "user": 3, "content_type": 7, "object_id": "7", "object_repr": "Hokkaido Ramen | Cambridge, Massachusetts", "action_flag": 1, "change_message": "[{\"added\": {}}]"}}, {"model": "admin.logentry", "pk": 11, "fields": {"action_time": "2021-12-06T19:27:46.391Z", "user": 3, "content_type": 7, "object_id": "8", "object_repr": "Alden and Harlow | Cambridge, Massachusetts", "action_flag": 1, "change_message": "[{\"added\": {}}]"}}, {"model": "admin.logentry", "pk": 12, "fields": {"action_time": "2021-12-06T19:28:26.738Z", "user": 3, "content_type": 7, "object_id": "9", "object_repr": "Hong Kong | Cambridge, Massachusetts", "action_flag": 1, "change_message": "[{\"added\": {}}]"}}, {"model": "admin.logentry", "pk": 13, "fields": {"action_time": "2021-12-06T19:28:58.759Z", "user": 3, "content_type": 7, "object_id": "10", "object_repr": "Source | Cambridge, Massachusetts", "action_flag": 1, "change_message": "[{\"added\": {}}]"}}, {"model": "admin.logentry", "pk": 14, "fields": {"action_time": "2021-12-06T19:29:30.246Z", "user": 3, "content_type": 7, "object_id": "11", "object_repr": "The Boathouse | Cambridge, Massachusetts", "action_flag": 1, "change_message": "[{\"added\": {}}]"}}, {"model": "admin.logentry", "pk": 15, "fields": {"action_time": "2021-12-06T19:29:57.797Z", "user": 3, "content_type": 7, "object_id": "12", "object_repr": "Daedalus | Cambridge, Massachusetts", "action_flag": 1, "change_message": "[{\"added\": {}}]"}}, {"model": "admin.logentry", "pk": 16, "fields": {"action_time": "2021-12-06T19:31:34.692Z", "user": 3, "content_type": 7, "object_id": "13", "object_repr": "Sweetgreen | Cambridge, Massachusetts", "action_flag": 1, "change_message": "[{\"added\": {}}]"}}, {"model": "admin.logentry", "pk": 17, "fields": {"action_time": "2021-12-06T19:32:01.249Z", "user": 3, "content_type": 7, "object_id": "14", "object_repr": "Spyce | Cambridge, Massachusetts", "action_flag": 1, "change_message": "[{\"added\": {}}]"}}, {"model": "admin.logentry", "pk": 18, "fields": {"action_time": "2021-12-06T19:32:26.766Z", "user": 3, "content_type": 7, "object_id": "15", "object_repr": "Russell House Tavern | Cambridge, Massachusetts", "action_flag": 1, "change_message": "[{\"added\": {}}]"}}, {"model": "admin.logentry", "pk": 19, "fields": {"action_time": "2021-12-06T19:32:48.267Z", "user": 3, "content_type": 7, "object_id": "16", "object_repr": "Starbucks | Cambridge, Massachusetts", "action_flag": 1, "change_message": "[{\"added\": {}}]"}}, {"model": "admin.logentry", "pk": 20, "fields": {"action_time": "2021-12-06T19:33:28.720Z", "user": 3, "content_type": 7, "object_id": "17", "object_repr": "Peet's Coffee | Cambridge, Massachusetts", "action_flag": 1, "change_message": "[{\"added\": {}}]"}}, {"model": "admin.logentry", "pk": 21, "fields": {"action_time": "2021-12-06T19:33:48.175Z", "user": 3, "content_type": 7, "object_id": "18", "object_repr": "Milk Bar | Cambridge, Massachusetts", "action_flag": 1, "change_message": "[{\"added\": {}}]"}}, {"model": "admin.logentry", "pk": 22, "fields": {"action_time": "2021-12-06T19:34:06.089Z", "user": 3, "content_type": 7, "object_id": "19", "object_repr": "Insomnia Cookies | Cambridge, Massachusetts", "action_flag": 1, "change_message": "[{\"added\": {}}]"}}, {"model": "admin.logentry", "pk": 23, "fields": {"action_time": "2021-12-06T19:34:31.502Z", "user": 3, "content_type": 7, "object_id": "20", "object_repr": "&pizza | Cambridge, Massachusetts", "action_flag": 1, "change_message": "[{\"added\": {}}]"}}, {"model": "admin.logentry", "pk": 24, "fields": {"action_time": "2021-12-06T19:34:41.251Z", "user": 3, "content_type": 7, "object_id": "21", "object_repr": "Amorino | Cambridge, Massachusetts", "action_flag": 1, "change_message": "[{\"added\": {}}]"}}, {"model": "admin.logentry", "pk": 25, "fields": {"action_time": "2021-12-06T19:35:04.146Z", "user": 3, "content_type": 7, "object_id": "22", "object_repr": "J.P. Licks | Cambridge, Massachusetts", "action_flag": 1, "change_message": "[{\"added\": {}}]"}}, {"model": "admin.logentry", "pk": 26, "fields": {"action_time": "2021-12-06T19:35:30.785Z", "user": 3, "content_type": 7, "object_id": "23", "object_repr": "Bar Enza | Cambridge, Massachusetts", "action_flag": 1, "change_message": "[{\"added\": {}}]"}}, {"model": "admin.logentry", "pk": 27, "fields": {"action_time": "2021-12-06T19:35:53.045Z", "user": 3, "content_type": 7, "object_id": "24", "object_repr": "BerryLine | Cambridge, Massachusetts", "action_flag": 1, "change_message": "[{\"added\": {}}]"}}, {"model": "admin.logentry", "pk": 28, "fields": {"action_time": "2021-12-06T19:37:14.617Z", "user": 3, "content_type": 7, "object_id": "25", "object_repr": "Kung Fu Tea | Cambridge, Massachusetts", "action_flag": 1, "change_message": "[{\"added\": {}}]"}}, {"model": "admin.logentry", "pk": 29, "fields": {"action_time": "2021-12-06T19:37:21.375Z", "user": 3, "content_type": 7, "object_id": "26", "object_repr": "Zinneken's Belgian Waffles | Cambridge, Massachusetts", "action_flag": 1, "change_message": "[{\"added\": {}}]"}}, {"model": "admin.logentry", "pk": 30, "fields": {"action_time": "2021-12-06T19:37:57.031Z", "user": 3, "content_type": 7, "object_id": "7", "object_repr": "Hokkaido Ramen Santouka | Cambridge, Massachusetts", "action_flag": 2, "change_message": "[{\"changed\": {\"fields\": [\"Name\"]}}]"}}, {"model": "admin.logentry", "pk": 31, "fields": {"action_time": "2021-12-06T19:38:21.901Z", "user": 3, "content_type": 7, "object_id": "27", "object_repr": "Black Sheep Bagel Cafe | Cambridge, Massachusetts", "action_flag": 1, "change_message": "[{\"added\": {}}]"}}, {"model": "admin.logentry", "pk": 32, "fields": {"action_time": "2021-12-06T19:38:45.453Z", "user": 3, "content_type": 7, "object_id": "28", "object_repr": "Pavement Coffeehouse | Cambridge, Massachusetts", "action_flag": 1, "change_message": "[{\"added\": {}}]"}}, {"model": "admin.logentry", "pk": 33, "fields": {"action_time": "2021-12-06T19:39:07.863Z", "user": 3, "content_type": 7, "object_id": "29", "object_repr": "Blackbird Doughnuts | Cambridge, Massachusetts", "action_flag": 1, "change_message": "[{\"added\": {}}]"}}, {"model": "admin.logentry", "pk": 34, "fields": {"action_time": "2021-12-06T19:39:20.554Z", "user": 3, "content_type": 7, "object_id": "30", "object_repr": "Bluestone Lane | Cambridge, Massachusetts", "action_flag": 1, "change_message": "[{\"added\": {}}]"}}, {"model": "admin.logentry", "pk": 35, "fields": {"action_time": "2021-12-06T19:39:43.017Z", "user": 3, "content_type": 7, "object_id": "31", "object_repr": "Flour Bakery | Cambridge, Massachusetts", "action_flag": 1, "change_message": "[{\"added\": {}}]"}}, {"model": "admin.logentry", "pk": 36, "fields": {"action_time": "2021-12-06T19:40:21.913Z", "user": 3, "content_type": 7, "object_id": "32", "object_repr": "Bon Me | Cambridge, Massachusetts", "action_flag": 1, "change_message": "[{\"added\": {}}]"}}, {"model": "admin.logentry", "pk": 37, "fields": {"action_time": "2021-12-06T19:40:41.985Z", "user": 3, "content_type": 7, "object_id": "33", "object_repr": "Shake Shack | Cambridge, Massachusetts", "action_flag": 1, "change_message": "[{\"added\": {}}]"}}, {"model": "admin.logentry", "pk": 38, "fields": {"action_time": "2021-12-06T19:40:51.212Z", "user": 3, "content_type": 7, "object_id": "34", "object_repr": "Tasty Burger | Cambridge, Massachusetts", "action_flag": 1, "change_message": "[{\"added\": {}}]"}}, {"model": "admin.logentry", "pk": 39, "fields": {"action_time": "2021-12-06T19:41:49.673Z", "user": 3, "content_type": 7, "object_id": "35", "object_repr": "Clover Food Lab | Cambridge, Massachusetts", "action_flag": 1, "change_message": "[{\"added\": {}}]"}}, {"model": "admin.logentry", "pk": 40, "fields": {"action_time": "2021-12-06T19:42:55.530Z", "user": 3, "content_type": 7, "object_id": "36", "object_repr": "Boston Burger Company | Cambridge, Massachusetts", "action_flag": 1, "change_message": "[{\"added\": {}}]"}}, {"model": "admin.logentry", "pk": 41, "fields": {"action_time": "2021-12-06T19:50:20.253Z", "user": 3, "content_type": 7, "object_id": "37", "object_repr": "Cafe Sushi | Cambridge, Massachusetts", "action_flag": 1, "change_message": "[{\"added\": {}}]"}}, {"model": "admin.logentry", "pk": 42, "fields": {"action_time": "2021-12-06T19:51:17.182Z", "user": 4, "content_type": 7, "object_id": "36", "object_repr": "Boston Burger Company | Cambridge, Massachusetts", "action_flag": 2, "change_message": "[{\"changed\": {\"fields\": [\"Address\"]}}]"}}, {"model": "admin.logentry", "pk": 43, "fields": {"action_time": "2021-12-06T19:52:08.477Z", "user": 4, "content_type": 7, "object_id": "37", "object_repr": "Cafe Sushi | Cambridge, Massachusetts", "action_flag": 2, "change_message": "[{\"changed\": {\"fields\": [\"Address\"]}}]"}}, {"model": "admin.logentry", "pk": 44, "fields": {"action_time": "2021-12-06T19:52:11.613Z", "user": 3, "content_type": 7, "object_id": "38", "object_repr": "Saloniki Greek | Cambridge, Massachusetts", "action_flag": 1, "change_message": "[{\"added\": {}}]"}}, {"model": "admin.logentry", "pk": 45, "fields": {"action_time": "2021-12-06T19:52:40.024Z", "user": 4, "content_type": 7, "object_id": "35", "object_repr": "Clover Food Lab | Cambridge, Massachusetts", "action_flag": 2, "change_message": "[{\"changed\": {\"fields\": [\"Address\"]}}]"}}, {"model": "admin.logentry", "pk": 46, "fields": {"action_time": "2021-12-06T19:52:59.522Z", "user": 3, "content_type": 7, "object_id": "39", "object_repr": "Mr. Bartley's Burger Cottage | Cambridge, Massachusetts", "action_flag": 1, "change_message": "[{\"added\": {}}]"}}, {"model": "admin.logentry", "pk": 47, "fields": {"action_time": "2021-12-06T19:53:27.150Z", "user": 4, "content_type": 7, "object_id": "38", "object_repr": "Saloniki Greek | Cambridge, Massachusetts", "action_flag": 2, "change_message": "[{\"changed\": {\"fields\": [\"Address\"]}}]"}}, {"model": "admin.logentry", "pk": 48, "fields": {"action_time": "2021-12-06T19:54:03.525Z", "user": 3, "content_type": 7, "object_id": "40", "object_repr": "Pinocchio's Pizza & Subs | Cambridge, Massachusetts", "action_flag": 1, "change_message": "[{\"added\": {}}]"}}, {"model": "admin.logentry", "pk": 49, "fields": {"action_time": "2021-12-06T19:54:05.574Z", "user": 4, "content_type": 7, "object_id": "39", "object_repr": "Mr. Bartley's Burger Cottage | Cambridge, Massachusetts", "action_flag": 2, "change_message": "[{\"changed\": {\"fields\": [\"Address\"]}}]"}}, {"model": "admin.logentry", "pk": 50, "fields": {"action_time": "2021-12-06T19:54:18.147Z", "user": 4, "content_type": 7, "object_id": "11", "object_repr": "The Boathouse | Cambridge, Massachusetts", "action_flag": 3, "change_message": ""}}, {"model": "admin.logentry", "pk": 51, "fields": {"action_time": "2021-12-06T19:54:33.884Z", "user": 4, "content_type": 7, "object_id": "1", "object_repr": "Test | Cambridge", "action_flag": 3, "change_message": ""}}, {"model": "admin.logentry", "pk": 52, "fields": {"action_time": "2021-12-06T19:54:50.374Z", "user": 4, "content_type": 7, "object_id": "17", "object_repr": "Peet's Coffee | Cambridge, Massachusetts", "action_flag": 3, "change_message": ""}}, {"model": "admin.logentry", "pk": 53, "fields": {"action_time": "2021-12-06T19:55:08.483Z", "user": 3, "content_type": 7, "object_id": "3", "object_repr": "Felipe's Taqueria | Cambridge, Massachusetts", "action_flag": 2, "change_message": "[{\"changed\": {\"fields\": [\"Address\"]}}]"}}, {"model": "admin.logentry", "pk": 54, "fields": {"action_time": "2021-12-06T19:55:16.938Z", "user": 4, "content_type": 7, "object_id": "30", "object_repr": "Bluestone Lane | Cambridge, Massachusetts", "action_flag": 3, "change_message": ""}}, {"model": "admin.logentry", "pk": 55, "fields": {"action_time": "2021-12-06T19:55:29.457Z", "user": 4, "content_type": 7, "object_id": "29", "object_repr": "Blackbird Doughnuts | Cambridge, Massachusetts", "action_flag": 3, "change_message": ""}}, {"model": "admin.logentry", "pk": 56, "fields": {"action_time": "2021-12-06T19:56:10.136Z", "user": 3, "content_type": 7, "object_id": "41", "object_repr": "Grendel's Den Restaurant & Bar | Cambridge, Massachusetts", "action_flag": 1, "change_message": "[{\"added\": {}}]"}}, {"model": "admin.logentry", "pk": 57, "fields": {"action_time": "2021-12-06T19:56:22.086Z", "user": 4, "content_type": 7, "object_id": "23", "object_repr": "Bar Enza | Cambridge, Massachusetts", "action_flag": 3, "change_message": ""}}, {"model": "admin.logentry", "pk": 58, "fields": {"action_time": "2021-12-06T19:56:49.763Z", "user": 4, "content_type": 7, "object_id": "41", "object_repr": "Grendel's Den Restaurant & Bar | Cambridge, Massachusetts", "action_flag": 2, "change_message": "[]"}}, {"model": "admin.logentry", "pk": 59, "fields": {"action_time": "2021-12-06T19:56:50.160Z", "user": 4, "content_type": 7, "object_id": "41", "object_repr": "Grendel's Den Restaurant & Bar | Cambridge, Massachusetts", "action_flag": 2, "change_message": "[]"}}, {"model": "admin.logentry", "pk": 60, "fields": {"action_time": "2021-12-06T19:56:50.425Z", "user": 4, "content_type": 7, "object_id": "41", "object_repr": "Grendel's Den Restaurant & Bar | Cambridge, Massachusetts", "action_flag": 2, "change_message": "[]"}}, {"model": "admin.logentry", "pk": 61, "fields": {"action_time": "2021-12-06T20:00:24.712Z", "user": 4, "content_type": 7, "object_id": "41", "object_repr": "Grendel's Den Restaurant & Bar | Cambridge, Massachusetts", "action_flag": 2, "change_message": "[]"}}, {"model": "admin.logentry", "pk": 62, "fields": {"action_time": "2021-12-06T20:00:45.153Z", "user": 3, "content_type": 7, "object_id": "41", "object_repr": "Grendel's Den Restaurant & Bar | Cambridge, Massachusetts", "action_flag": 3, "change_message": ""}}, {"model": "admin.logentry", "pk": 63, "fields": {"action_time": "2021-12-06T20:00:45.156Z", "user": 3, "content_type": 7, "object_id": "36", "object_repr": "Boston Burger Company | Cambridge, Massachusetts", "action_flag": 3, "change_message": ""}}, {"model": "admin.logentry", "pk": 64, "fields": {"action_time": "2021-12-06T20:00:45.157Z", "user": 3, "content_type": 7, "object_id": "8", "object_repr": "Alden and Harlow | Cambridge, Massachusetts", "action_flag": 3, "change_message": ""}}, {"model": "admin.logentry", "pk": 65, "fields": {"action_time": "2021-12-06T20:00:45.158Z", "user": 3, "content_type": 7, "object_id": "2", "object_repr": "Tatte Bakery & Cafe | Cambridge", "action_flag": 3, "change_message": ""}}, {"model": "admin.logentry", "pk": 66, "fields": {"action_time": "2021-12-06T20:01:12.313Z", "user": 4, "content_type": 7, "object_id": "37", "object_repr": "Cafe Sushi | Cambridge, Massachusetts", "action_flag": 3, "change_message": ""}}, {"model": "admin.logentry", "pk": 67, "fields": {"action_time": "2021-12-06T20:02:40.441Z", "user": 4, "content_type": 7, "object_id": "34", "object_repr": "Tasty Burger | Cambridge, Massachusetts", "action_flag": 2, "change_message": "[{\"changed\": {\"fields\": [\"Address\"]}}]"}}, {"model": "admin.logentry", "pk": 68, "fields": {"action_time": "2021-12-06T20:03:17.175Z", "user": 4, "content_type": 7, "object_id": "33", "object_repr": "Shake Shack | Cambridge, Massachusetts", "action_flag": 2, "change_message": "[{\"changed\": {\"fields\": [\"Address\"]}}]"}}, {"model": "admin.logentry", "pk": 69, "fields": {"action_time": "2021-12-06T20:03:38.166Z", "user": 4, "content_type": 7, "object_id": "32", "object_repr": "Bon Me | Cambridge, Massachusetts", "action_flag": 2, "change_message": "[{\"changed\": {\"fields\": [\"Address\"]}}]"}}, {"model": "admin.logentry", "pk": 70, "fields": {"action_time": "2021-12-06T20:04:00.121Z", "user": 4, "content_type": 7, "object_id": "31", "object_repr": "Flour Bakery | Cambridge, Massachusetts", "action_flag": 2, "change_message": "[{\"changed\": {\"fields\": [\"Address\"]}}]"}}, {"model": "admin.logentry", "pk": 71, "fields": {"action_time": "2021-12-06T20:04:34.889Z", "user": 4, "content_type": 7, "object_id": "28", "object_repr": "Pavement Coffeehouse | Cambridge, Massachusetts", "action_flag": 2, "change_message": "[{\"changed\": {\"fields\": [\"Address\"]}}]"}}, {"model": "admin.logentry", "pk": 72, "fields": {"action_time": "2021-12-06T20:05:55.546Z", "user": 4, "content_type": 7, "object_id": "27", "object_repr": "Black Sheep Bagel Cafe | Cambridge, Massachusetts", "action_flag": 2, "change_message": "[{\"changed\": {\"fields\": [\"Address\"]}}]"}}, {"model": "admin.logentry", "pk": 73, "fields": {"action_time": "2021-12-06T20:06:25.293Z", "user": 4, "content_type": 7, "object_id": "26", "object_repr": "Zinneken's Belgian Waffles | Cambridge, Massachusetts", "action_flag": 2, "change_message": "[{\"changed\": {\"fields\": [\"Address\"]}}]"}}, {"model": "admin.logentry", "pk": 74, "fields": {"action_time": "2021-12-06T20:10:27.493Z", "user": 4, "content_type": 7, "object_id": "25", "object_repr": "Kung Fu Tea | Cambridge, Massachusetts", "action_flag": 2, "change_message": "[{\"changed\": {\"fields\": [\"Address\"]}}]"}}, {"model": "admin.logentry", "pk": 75, "fields": {"action_time": "2021-12-06T20:14:33.574Z", "user": 4, "content_type": 7, "object_id": "24", "object_repr": "BerryLine | Cambridge, Massachusetts", "action_flag": 2, "change_message": "[{\"changed\": {\"fields\": [\"Address\"]}}]"}}, {"model": "admin.logentry", "pk": 76, "fields": {"action_time": "2021-12-06T20:15:15.607Z", "user": 4, "content_type": 7, "object_id": "22", "object_repr": "J.P. Licks | Cambridge, Massachusetts", "action_flag": 2, "change_message": "[{\"changed\": {\"fields\": [\"Address\"]}}]"}}, {"model": "admin.logentry", "pk": 77, "fields": {"action_time": "2021-12-06T20:16:57.816Z", "user": 4, "content_type": 7, "object_id": "22", "object_repr": "J.P. Licks | Cambridge, Massachusetts", "action_flag": 2, "change_message": "[]"}}, {"model": "admin.logentry", "pk": 78, "fields": {"action_time": "2021-12-06T20:17:21.646Z", "user": 4, "content_type": 7, "object_id": "21", "object_repr": "Amorino | Cambridge, Massachusetts", "action_flag": 2, "change_message": "[{\"changed\": {\"fields\": [\"Address\"]}}]"}}, {"model": "admin.logentry", "pk": 79, "fields": {"action_time": "2021-12-06T20:17:48.989Z", "user": 4, "content_type": 7, "object_id": "20", "object_repr": "&pizza | Cambridge, Massachusetts", "action_flag": 2, "change_message": "[{\"changed\": {\"fields\": [\"Address\"]}}]"}}, {"model": "admin.logentry", "pk": 80, "fields": {"action_time": "2021-12-06T20:18:17.921Z", "user": 4, "content_type": 7, "object_id": "19", "object_repr": "Insomnia Cookies | Cambridge, Massachusetts", "action_flag": 2, "change_message": "[{\"changed\": {\"fields\": [\"Address\"]}}]"}}, {"model": "admin.logentry", "pk": 81, "fields": {"action_time": "2021-12-06T20:18:31.657Z", "user": 4, "content_type": 7, "object_id": "18", "object_repr": "Milk Bar | Cambridge, Massachusetts", "action_flag": 2, "change_message": "[{\"changed\": {\"fields\": [\"Address\"]}}]"}}, {"model": "admin.logentry", "pk": 82, "fields": {"action_time": "2021-12-06T20:19:57.325Z", "user": 3, "content_type": 8, "object_id": "3", "object_repr": "Muesli (Cup)", "action_flag": 2, "change_message": "[{\"changed\": {\"fields\": [\"Saved by\"]}}]"}}, {"model": "admin.logentry", "pk": 83, "fields": {"action_time": "2021-12-06T20:19:57.776Z", "user": 4, "content_type": 7, "object_id": "16", "object_repr": "Starbucks | Cambridge, Massachusetts", "action_flag": 2, "change_message": "[{\"changed\": {\"fields\": [\"Address\"]}}]"}}, {"model": "admin.logentry", "pk": 84, "fields": {"action_time": "2021-12-06T20:20:11.998Z", "user": 4, "content_type": 7, "object_id": "15", "object_repr": "Russell House Tavern | Cambridge, Massachusetts", "action_flag": 2, "change_message": "[{\"changed\": {\"fields\": [\"Address\"]}}]"}}, {"model": "admin.logentry", "pk": 85, "fields": {"action_time": "2021-12-06T20:20:25.536Z", "user": 4, "content_type": 7, "object_id": "14", "object_repr": "Spyce | Cambridge, Massachusetts", "action_flag": 2, "change_message": "[{\"changed\": {\"fields\": [\"Address\"]}}]"}}, {"model": "admin.logentry", "pk": 86, "fields": {"action_time": "2021-12-06T20:20:37.118Z", "user": 3, "content_type": 8, "object_id": "3", "object_repr": "Muesli (Cup)", "action_flag": 2, "change_message": "[{\"changed\": {\"fields\": [\"Media\"]}}]"}}, {"model": "admin.logentry", "pk": 87, "fields": {"action_time": "2021-12-06T20:21:17.967Z", "user": 4, "content_type": 7, "object_id": "13", "object_repr": "Sweetgreen | Cambridge, Massachusetts", "action_flag": 2, "change_message": "[{\"changed\": {\"fields\": [\"Address\"]}}]"}}, {"model": "admin.logentry", "pk": 88, "fields": {"action_time": "2021-12-06T20:21:39.162Z", "user": 4, "content_type": 7, "object_id": "12", "object_repr": "Daedalus | Cambridge, Massachusetts", "action_flag": 3, "change_message": ""}}, {"model": "admin.logentry", "pk": 89, "fields": {"action_time": "2021-12-06T20:24:09.690Z", "user": 4, "content_type": 7, "object_id": "10", "object_repr": "Source | Cambridge, Massachusetts", "action_flag": 2, "change_message": "[{\"changed\": {\"fields\": [\"Address\"]}}]"}}, {"model": "admin.logentry", "pk": 90, "fields": {"action_time": "2021-12-06T20:32:50.244Z", "user": 4, "content_type": 7, "object_id": "4", "object_repr": "Tatte Bakery & Cafe | Cambridge, Massachusetts", "action_flag": 2, "change_message": "[{\"changed\": {\"fields\": [\"Address\"]}}]"}}, {"model": "admin.logentry", "pk": 91, "fields": {"action_time": "2021-12-06T20:33:46.933Z", "user": 4, "content_type": 7, "object_id": "3", "object_repr": "Felipe's Taqueria | Cambridge, Massachusetts", "action_flag": 2, "change_message": "[]"}}, {"model": "admin.logentry", "pk": 92, "fields": {"action_time": "2021-12-06T20:34:13.897Z", "user": 4, "content_type": 7, "object_id": "5", "object_repr": "Toscano | Cambridge, Massachusetts", "action_flag": 2, "change_message": "[{\"changed\": {\"fields\": [\"Address\"]}}]"}}, {"model": "admin.logentry", "pk": 93, "fields": {"action_time": "2021-12-06T20:36:33.645Z", "user": 4, "content_type": 7, "object_id": "6", "object_repr": "El Jefe's Taqueria | Cambridge, Massachusetts", "action_flag": 2, "change_message": "[{\"changed\": {\"fields\": [\"Address\"]}}]"}}, {"model": "admin.logentry", "pk": 94, "fields": {"action_time": "2021-12-06T20:36:59.955Z", "user": 4, "content_type": 7, "object_id": "7", "object_repr": "Hokkaido Ramen Santouka | Cambridge, Massachusetts", "action_flag": 2, "change_message": "[{\"changed\": {\"fields\": [\"Address\"]}}]"}}, {"model": "admin.logentry", "pk": 95, "fields": {"action_time": "2021-12-06T20:37:26.753Z", "user": 4, "content_type": 7, "object_id": "9", "object_repr": "Hong Kong | Cambridge, Massachusetts", "action_flag": 2, "change_message": "[{\"changed\": {\"fields\": [\"Address\"]}}]"}}, {"model": "admin.logentry", "pk": 96, "fields": {"action_time": "2021-12-06T20:37:32.546Z", "user": 4, "content_type": 7, "object_id": "10", "object_repr": "Source | Cambridge, Massachusetts", "action_flag": 2, "change_message": "[]"}}, {"model": "admin.logentry", "pk": 97, "fields": {"action_time": "2021-12-06T20:57:37.459Z", "user": 4, "content_type": 7, "object_id": "20", "object_repr": "&pizza | Cambridge, Massachusetts", "action_flag": 3, "change_message": ""}}, {"model": "admin.logentry", "pk": 98, "fields": {"action_time": "2021-12-06T20:58:36.697Z", "user": 4, "content_type": 7, "object_id": "5", "object_repr": "Toscano | Cambridge, Massachusetts", "action_flag": 3, "change_message": ""}}, {"model": "admin.logentry", "pk": 99, "fields": {"action_time": "2021-12-06T20:58:54.565Z", "user": 4, "content_type": 7, "object_id": "34", "object_repr": "Tasty Burger | Cambridge, Massachusetts", "action_flag": 3, "change_message": ""}}, {"model": "admin.logentry", "pk": 100, "fields": {"action_time": "2021-12-06T21:01:30.813Z", "user": 4, "content_type": 7, "object_id": "22", "object_repr": "J.P. Licks | Cambridge, Massachusetts", "action_flag": 3, "change_message": ""}}, {"model": "admin.logentry", "pk": 101, "fields": {"action_time": "2021-12-06T21:01:37.286Z", "user": 4, "content_type": 7, "object_id": "9", "object_repr": "Hong Kong | Cambridge, Massachusetts", "action_flag": 3, "change_message": ""}}, {"model": "admin.logentry", "pk": 102, "fields": {"action_time": "2021-12-06T21:01:44.455Z", "user": 4, "content_type": 7, "object_id": "14", "object_repr": "Spyce | Cambridge, Massachusetts", "action_flag": 3, "change_message": ""}}, {"model": "admin.logentry", "pk": 103, "fields": {"action_time": "2021-12-06T21:01:58.056Z", "user": 4, "content_type": 7, "object_id": "19", "object_repr": "Insomnia Cookies | Cambridge, Massachusetts", "action_flag": 3, "change_message": ""}}, {"model": "admin.logentry", "pk": 104, "fields": {"action_time": "2021-12-06T22:37:08.473Z", "user": 3, "content_type": 8, "object_id": "18", "object_repr": "Vanilla Iced Latte", "action_flag": 2, "change_message": "[{\"changed\": {\"fields\": [\"Resturant\", \"Saved by\"]}}]"}}, {"model": "admin.logentry", "pk": 105, "fields": {"action_time": "2021-12-06T22:42:13.143Z", "user": 3, "content_type": 7, "object_id": "21", "object_repr": "Amorino | Cambridge, Massachusetts", "action_flag": 3, "change_message": ""}}, {"model": "auth.permission", "pk": 1, "fields": {"name": "Can add log entry", "content_type": 1, "codename": "add_logentry"}}, {"model": "auth.permission", "pk": 2, "fields": {"name": "Can change log entry", "content_type": 1, "codename": "change_logentry"}}, {"model": "auth.permission", "pk": 3, "fields": {"name": "Can delete log entry", "content_type": 1, "codename": "delete_logentry"}}, {"model": "auth.permission", "pk": 4, "fields": {"name": "Can view log entry", "content_type": 1, "codename": "view_logentry"}}, {"model": "auth.permission", "pk": 5, "fields": {"name": "Can add permission", "content_type": 2, "codename": "add_permission"}}, {"model": "auth.permission", "pk": 6, "fields": {"name": "Can change permission", "content_type": 2, "codename": "change_permission"}}, {"model": "auth.permission", "pk": 7, "fields": {"name": "Can delete permission", "content_type": 2, "codename": "delete_permission"}}, {"model": "auth.permission", "pk": 8, "fields": {"name": "Can view permission", "content_type": 2, "codename": "view_permission"}}, {"model": "auth.permission", "pk": 9, "fields": {"name": "Can add group", "content_type": 3, "codename": "add_group"}}, {"model": "auth.permission", "pk": 10, "fields": {"name": "Can change group", "content_type": 3, "codename": "change_group"}}, {"model": "auth.permission", "pk": 11, "fields": {"name": "Can delete group", "content_type": 3, "codename": "delete_group"}}, {"model": "auth.permission", "pk": 12, "fields": {"name": "Can view group", "content_type": 3, "codename": "view_group"}}, {"model": "auth.permission", "pk": 13, "fields": {"name": "Can add content type", "content_type": 4, "codename": "add_contenttype"}}, {"model": "auth.permission", "pk": 14, "fields": {"name": "Can change content type", "content_type": 4, "codename": "change_contenttype"}}, {"model": "auth.permission", "pk": 15, "fields": {"name": "Can delete content type", "content_type": 4, "codename": "delete_contenttype"}}, {"model": "auth.permission", "pk": 16, "fields": {"name": "Can view content type", "content_type": 4, "codename": "view_contenttype"}}, {"model": "auth.permission", "pk": 17, "fields": {"name": "Can add session", "content_type": 5, "codename": "add_session"}}, {"model": "auth.permission", "pk": 18, "fields": {"name": "Can change session", "content_type": 5, "codename": "change_session"}}, {"model": "auth.permission", "pk": 19, "fields": {"name": "Can delete session", "content_type": 5, "codename": "delete_session"}}, {"model": "auth.permission", "pk": 20, "fields": {"name": "Can view session", "content_type": 5, "codename": "view_session"}}, {"model": "auth.permission", "pk": 21, "fields": {"name": "Can add user", "content_type": 6, "codename": "add_user"}}, {"model": "auth.permission", "pk": 22, "fields": {"name": "Can change user", "content_type": 6, "codename": "change_user"}}, {"model": "auth.permission", "pk": 23, "fields": {"name": "Can delete user", "content_type": 6, "codename": "delete_user"}}, {"model": "auth.permission", "pk": 24, "fields": {"name": "Can view user", "content_type": 6, "codename": "view_user"}}, {"model": "auth.permission", "pk": 25, "fields": {"name": "Can add resturant", "content_type": 7, "codename": "add_resturant"}}, {"model": "auth.permission", "pk": 26, "fields": {"name": "Can change resturant", "content_type": 7, "codename": "change_resturant"}}, {"model": "auth.permission", "pk": 27, "fields": {"name": "Can delete resturant", "content_type": 7, "codename": "delete_resturant"}}, {"model": "auth.permission", "pk": 28, "fields": {"name": "Can view resturant", "content_type": 7, "codename": "view_resturant"}}, {"model": "auth.permission", "pk": 29, "fields": {"name": "Can add dish", "content_type": 8, "codename": "add_dish"}}, {"model": "auth.permission", "pk": 30, "fields": {"name": "Can change dish", "content_type": 8, "codename": "change_dish"}}, {"model": "auth.permission", "pk": 31, "fields": {"name": "Can delete dish", "content_type": 8, "codename": "delete_dish"}}, {"model": "auth.permission", "pk": 32, "fields": {"name": "Can view dish", "content_type": 8, "codename": "view_dish"}}, {"model": "auth.permission", "pk": 33, "fields": {"name": "Can add save", "content_type": 9, "codename": "add_save"}}, {"model": "auth.permission", "pk": 34, "fields": {"name": "Can change save", "content_type": 9, "codename": "change_save"}}, {"model": "auth.permission", "pk": 35, "fields": {"name": "Can delete save", "content_type": 9, "codename": "delete_save"}}, {"model": "auth.permission", "pk": 36, "fields": {"name": "Can view save", "content_type": 9, "codename": "view_save"}}, {"model": "contenttypes.contenttype", "pk": 1, "fields": {"app_label": "admin", "model": "logentry"}}, {"model": "contenttypes.contenttype", "pk": 2, "fields": {"app_label": "auth", "model": "permission"}}, {"model": "contenttypes.contenttype", "pk": 3, "fields": {"app_label": "auth", "model": "group"}}, {"model": "contenttypes.contenttype", "pk": 4, "fields": {"app_label": "contenttypes", "model": "contenttype"}}, {"model": "contenttypes.contenttype", "pk": 5, "fields": {"app_label": "sessions", "model": "session"}}, {"model": "contenttypes.contenttype", "pk": 6, "fields": {"app_label": "account", "model": "user"}}, {"model": "contenttypes.contenttype", "pk": 7, "fields": {"app_label": "resturant", "model": "resturant"}}, {"model": "contenttypes.contenttype", "pk": 8, "fields": {"app_label": "dish", "model": "dish"}}, {"model": "contenttypes.contenttype", "pk": 9, "fields": {"app_label": "dish", "model": "save"}}, {"model": "sessions.session", "pk": "4k05okoqd3hicb2kz6o2jr0v2vz4y3xt", "fields": {"session_data": ".eJxVjMsOwiAQRf-FtSGF6fBw6d5vIANDpWogKe3K-O_apAvd3nPOfYlA21rC1vMSZhZngeL0u0VKj1x3wHeqtyZTq-syR7kr8qBdXhvn5-Vw_w4K9fKtySeOMKnolAYcNIxmjOicR2KcIlidvLGaMCkyemBNCoGRnWFrIYF4fwDTdzc9:1muL30:i662GuG8UmMXMhoCbJCv4_2xuRTM1Hbp9eo3iE_9RMc", "expire_date": "2021-12-20T20:57:18.035Z"}}, {"model": "sessions.session", "pk": "6cr8frcyix3r8yp7pu6vjaug8nxjqf78", "fields": {"session_data": ".eJxVjEEOwiAQRe_C2hAYh4G4dO8ZyABTqRqalHZlvLtt0oVu33v_v1Xkdalx7TLHsaiLQnX6ZYnzU9ouyoPbfdJ5ass8Jr0n-rBd36Yir-vR_h1U7nVbD7k4IDIloDOWhYTAgjA7L4NnDGewWcglyOjIuyBikDEBC8IG1ecL43Q38Q:1muJXl:QhlEsgR7p1CJuP7uNv7MOz2cbkTF-BNlw7KO7Rn97lM", "expire_date": "2021-12-20T19:20:57.575Z"}}, {"model": "sessions.session", "pk": "najynhst0bio50teaw6a3b13ef1rqdk4", "fields": {"session_data": ".eJxVjDsOwjAQBe_iGlmOP7sOJT1nsNa7Dg6gRIqTCnF3iJQC2jcz76USbWtNWytLGkWdVadOv1smfpRpB3Kn6TZrnqd1GbPeFX3Qpq-zlOflcP8OKrX6rQfiEry3UZA5IALkCJmQewBvubfOITgwYjoHUQY0YWDbcxYoYByq9wfaXTdZ:1muIgB:eE1nTOKmkPGxedRVZJlp7SLru_AiAUQDV2G6XBJjC7s", "expire_date": "2021-12-20T18:25:35.899Z"}}, {"model": "account.user", "pk": 1, "fields": {"password": "pbkdf2_sha256$260000$PJiURlcj8QroSs9dFWq75T$+FmGLS1MwrVvnjcvpiYHgKeo8TdcVLMxRDZ9mPOdxqw=", "last_login": "2021-12-06T18:25:35.898Z", "is_superuser": false, "username": "test", "is_staff": false, "is_active": true, "date_joined": "2021-12-06T18:24:15.638Z", "groups": [], "user_permissions": []}}, {"model": "account.user", "pk": 2, "fields": {"password": "pbkdf2_sha256$260000$8z4NLuFgU1ksUcxcfZCc6V$z6gBZaScAAzdvmAp9bLtE4BwQdmyvxHzukdArWthl4g=", "last_login": "2021-12-07T03:36:07.534Z", "is_superuser": true, "username": "samsuchin", "is_staff": true, "is_active": true, "date_joined": "2021-12-06T18:24:35.397Z", "groups": [], "user_permissions": []}}, {"model": "account.user", "pk": 3, "fields": {"password": "pbkdf2_sha256$260000$mdySLZBJRWhuL9yl5Mytyo$QLoFz59FrN0bojD0BfuUHYLMI8ONhcYRso1Iy1SJ0Ns=", "last_login": "2021-12-07T16:58:17.685Z", "is_superuser": false, "username": "lucyhurlbut", "is_staff": true, "is_active": true, "date_joined": "2021-12-06T19:20:37.393Z", "groups": [], "user_permissions": [21, 22, 23, 24, 1, 2, 3, 4, 9, 10, 11, 12, 5, 6, 7, 8, 13, 14, 15, 16, 29, 30, 31, 32, 33, 34, 35, 36, 25, 26, 27, 28, 17, 18, 19, 20]}}, {"model": "account.user", "pk": 4, "fields": {"password": "pbkdf2_sha256$260000$tEaqS1syZDawUQH4PQF1Dk$TYls/zEus3g99egG1uHdfOOJADMI6v3TFQsdyWYGBFw=", "last_login": "2021-12-06T19:20:57.575Z", "is_superuser": false, "username": "Jonathan", "is_staff": true, "is_active": true, "date_joined": "2021-12-06T19:20:57.487Z", "groups": [], "user_permissions": [21, 22, 23, 24, 1, 2, 3, 4, 9, 10, 11, 12, 5, 6, 7, 8, 13, 14, 15, 16, 29, 30, 31, 32, 33, 34, 35, 36, 25, 26, 27, 28, 17, 18, 19, 20]}}, {"model": "account.user", "pk": 5, "fields": {"password": "pbkdf2_sha256$260000$mP1uVo9jMaQwsYcnB9cWli$iSwOGZ6eC2ALOqfWPJdT6Pm8fgft+pZGJFlxy2FFaBE=", "last_login": "2021-12-06T20:57:18.034Z", "is_superuser": false, "username": "ehawkins", "is_staff": false, "is_active": true, "date_joined": "2021-12-06T20:57:17.943Z", "groups": [], "user_permissions": []}}, {"model": "resturant.resturant", "pk": 3, "fields": {"name": "Felipe's Taqueria", "cuisine": "Mexican", "city": "Cambridge, Massachusetts", "address": "21 Brattle St, Cambridge, MA 02138", "is_active": true, "created_at": "2021-12-06T19:25:16.149Z"}}, {"model": "resturant.resturant", "pk": 4, "fields": {"name": "Tatte Bakery & Cafe", "cuisine": "Bakery", "city": "Cambridge, Massachusetts", "address": "1288 Massachusetts Ave, Cambridge, MA 02138", "is_active": true, "created_at": "2021-12-06T19:25:58.920Z"}}, {"model": "resturant.resturant", "pk": 6, "fields": {"name": "El Jefe's Taqueria", "cuisine": "Mexican", "city": "Cambridge, Massachusetts", "address": "83 Mt Auburn St, Cambridge, MA 02138", "is_active": true, "created_at": "2021-12-06T19:26:38.167Z"}}, {"model": "resturant.resturant", "pk": 7, "fields": {"name": "Hokkaido Ramen Santouka", "cuisine": "Japanese", "city": "Cambridge, Massachusetts", "address": "1 Bow St, Cambridge, MA 02138", "is_active": true, "created_at": "2021-12-06T19:27:13.409Z"}}, {"model": "resturant.resturant", "pk": 10, "fields": {"name": "Source", "cuisine": "Italian", "city": "Cambridge, Massachusetts", "address": "27 Church St, Cambridge, MA 02138", "is_active": true, "created_at": "2021-12-06T19:28:58.758Z"}}, {"model": "resturant.resturant", "pk": 13, "fields": {"name": "Sweetgreen", "cuisine": "Healthy", "city": "Cambridge, Massachusetts", "address": "39 John F. Kennedy St, Cambridge, MA 02138", "is_active": true, "created_at": "2021-12-06T19:31:34.691Z"}}, {"model": "resturant.resturant", "pk": 15, "fields": {"name": "Russell House Tavern", "cuisine": "American", "city": "Cambridge, Massachusetts", "address": "14 John F. Kennedy St, Cambridge, MA 02138", "is_active": true, "created_at": "2021-12-06T19:32:26.764Z"}}, {"model": "resturant.resturant", "pk": 16, "fields": {"name": "Starbucks", "cuisine": "Cafe", "city": "Cambridge, Massachusetts", "address": "468 Broadway, Cambridge, MA 02138", "is_active": true, "created_at": "2021-12-06T19:32:48.264Z"}}, {"model": "resturant.resturant", "pk": 18, "fields": {"name": "Milk Bar", "cuisine": "Dessert", "city": "Cambridge, Massachusetts", "address": "3 Brattle St, Cambridge, MA 02138", "is_active": true, "created_at": "2021-12-06T19:33:48.174Z"}}, {"model": "resturant.resturant", "pk": 24, "fields": {"name": "BerryLine", "cuisine": "Dessert", "city": "Cambridge, Massachusetts", "address": "1668 Mass Ave", "is_active": true, "created_at": "2021-12-06T19:35:53.043Z"}}, {"model": "resturant.resturant", "pk": 25, "fields": {"name": "Kung Fu Tea", "cuisine": "Boba", "city": "Cambridge, Massachusetts", "address": "1160 Massachusetts Ave Cambridge", "is_active": true, "created_at": "2021-12-06T19:37:14.615Z"}}, {"model": "resturant.resturant", "pk": 26, "fields": {"name": "Zinneken's Belgian Waffles", "cuisine": "Dessert", "city": "Cambridge, Massachusetts", "address": "1154 Massachusetts Ave, Cambridge, MA 02138", "is_active": true, "created_at": "2021-12-06T19:37:21.374Z"}}, {"model": "resturant.resturant", "pk": 27, "fields": {"name": "Black Sheep Bagel Cafe", "cuisine": "Cafe", "city": "Cambridge, Massachusetts", "address": "56 JFK St, Cambridge, MA 02138", "is_active": true, "created_at": "2021-12-06T19:38:21.897Z"}}, {"model": "resturant.resturant", "pk": 28, "fields": {"name": "Pavement Coffeehouse", "cuisine": "Cafe", "city": "Cambridge, Massachusetts", "address": "1350 Massachusetts Ave, Cambridge, MA 02138", "is_active": true, "created_at": "2021-12-06T19:38:45.451Z"}}, {"model": "resturant.resturant", "pk": 31, "fields": {"name": "Flour Bakery", "cuisine": "Cafe", "city": "Cambridge, Massachusetts", "address": "114 Mt Auburn St, Cambridge, MA 02138", "is_active": true, "created_at": "2021-12-06T19:39:43.016Z"}}, {"model": "resturant.resturant", "pk": 32, "fields": {"name": "Bon Me", "cuisine": "Vietnamese", "city": "Cambridge, Massachusetts", "address": "1350 Massachusetts Ave, Cambridge, MA 02138", "is_active": true, "created_at": "2021-12-06T19:40:21.909Z"}}, {"model": "resturant.resturant", "pk": 33, "fields": {"name": "Shake Shack", "cuisine": "American", "city": "Cambridge, Massachusetts", "address": "92 Winthrop St, Cambridge, MA 02138", "is_active": true, "created_at": "2021-12-06T19:40:41.983Z"}}, {"model": "resturant.resturant", "pk": 35, "fields": {"name": "Clover Food Lab", "cuisine": "Middle Eastern", "city": "Cambridge, Massachusetts", "address": "1 Oxford St, Cambridge, MA 02138", "is_active": true, "created_at": "2021-12-06T19:41:49.670Z"}}, {"model": "resturant.resturant", "pk": 38, "fields": {"name": "Saloniki Greek", "cuisine": "Greek", "city": "Cambridge, Massachusetts", "address": "24 Dunster St, Cambridge, MA 02138", "is_active": true, "created_at": "2021-12-06T19:52:11.611Z"}}, {"model": "resturant.resturant", "pk": 39, "fields": {"name": "Mr. Bartley's Burger Cottage", "cuisine": "American", "city": "Cambridge, Massachusetts", "address": "1246 Massachusetts Ave, Cambridge, MA 02138", "is_active": true, "created_at": "2021-12-06T19:52:59.519Z"}}, {"model": "resturant.resturant", "pk": 40, "fields": {"name": "Pinocchio's Pizza & Subs", "cuisine": "Italian", "city": "Cambridge, Massachusetts", "address": "74 Winthrop St, Cambridge, MA 02138", "is_active": true, "created_at": "2021-12-06T19:54:03.521Z"}}, {"model": "dish.dish", "pk": 2, "fields": {"name": "Breakfast Egg Sandwich", "media": "dishes/flour-bakery-46.jpg", "resturant": 31, "review": "So good! One of my go-to's for a midday sandwich. ", "rating": "5", "user": 3, "created_at": "2021-12-06T20:10:07.691Z", "is_active": true, "price": null, "saved_by": []}}, {"model": "dish.dish", "pk": 3, "fields": {"name": "Muesli (Cup)", "media": "dishes/Muesli.jpg", "resturant": 4, "review": "Very healthy and nutritious. Great granola, fruit, and chia seeds. Blueberries were a little soft. Feeling energized!", "rating": "4", "user": 3, "created_at": "2021-12-06T20:18:11.234Z", "is_active": true, "price": null, "saved_by": [3]}}, {"model": "dish.dish", "pk": 5, "fields": {"name": "K-Town Throwdown", "media": "dishes/Screen_Shot_2021-12-06_at_3.24.42_PM.png", "resturant": 32, "review": "Tangy chicken with sesame on rice makes my mouth water. Scallions super fresh, broccoli provides a nice crunch. I get this bowl at least once a week. ", "rating": "5", "user": 3, "created_at": "2021-12-06T20:31:34.812Z", "is_active": true, "price": null, "saved_by": []}}, {"model": "dish.dish", "pk": 6, "fields": {"name": "Niko Pita", "media": "dishes/Screen_Shot_2021-12-06_at_3.33.36_PM.png", "resturant": 38, "review": "Pretty good. Flavorful tzatziki and chicken. French fries could be crunchier. Sometimes gets soggy when ordered away.", "rating": "3", "user": 3, "created_at": "2021-12-06T20:35:58.447Z", "is_active": true, "price": null, "saved_by": []}}, {"model": "dish.dish", "pk": 7, "fields": {"name": "Double-Smoked Bacon, Cheddar & Egg Sandwich", "media": "dishes/starbucks-double-smoked-bacon-cheddar-egg-sandwich.jpg", "resturant": 16, "review": "LOVE! Affordable and very filling. Flaky croissant bread with crispy bacon. Speedy service as well.", "rating": "5", "user": 3, "created_at": "2021-12-06T20:41:00.503Z", "is_active": true, "price": null, "saved_by": []}}, {"model": "dish.dish", "pk": 8, "fields": {"name": "Pizza", "media": "dishes/photo0jpg.jpg", "resturant": 40, "review": "Delicious pizza! ", "rating": "5", "user": 4, "created_at": "2021-12-06T20:41:31.439Z", "is_active": true, "price": null, "saved_by": []}}, {"model": "dish.dish", "pk": 9, "fields": {"name": "The Edelman", "media": "dishes/the-edelman-from-mr-bartley.jpg", "resturant": 39, "review": "It was such a delicious burger -- I would highly recommend! ", "rating": "4", "user": 4, "created_at": "2021-12-06T20:45:05.469Z", "is_active": true, "price": null, "saved_by": []}}, {"model": "dish.dish", "pk": 10, "fields": {"name": "Tomato Basil Pizza", "media": "dishes/Screen_Shot_2021-12-06_at_3.46.08_PM.png", "resturant": 40, "review": "Great for a late night stop. Not as great for a full meal. Delicious but quite greasy.", "rating": "3", "user": 3, "created_at": "2021-12-06T20:48:32.481Z", "is_active": true, "price": null, "saved_by": []}}, {"model": "dish.dish", "pk": 11, "fields": {"name": "Katerina Pita", "media": "dishes/katerina-pita-pomegranate.jpg", "resturant": 38, "review": "I was really missing Mediterranean food, so I was so happy to find this place in Harvard Square! ", "rating": "4", "user": 4, "created_at": "2021-12-06T20:49:07.308Z", "is_active": true, "price": null, "saved_by": []}}, {"model": "dish.dish", "pk": 12, "fields": {"name": "Cereal Milk Ice Cream", "media": "dishes/DSC_8570.0.jpg", "resturant": 18, "review": "Honestly the most delicious ice cream I've ever had. It was very expensive, but so worth it. Highly recommend if visiting Harvard! ", "rating": "5", "user": 4, "created_at": "2021-12-06T21:10:24.751Z", "is_active": true, "price": null, "saved_by": []}}, {"model": "dish.dish", "pk": 13, "fields": {"name": "Harvest Bowl", "media": "dishes/harvest-bowl.jpg", "resturant": 13, "review": "This was really filling. There was a long line and it took a while to get the food, but overall this salad was great. It made me feel healthy and ready to go for the rest of my day. Add chicken if you want some extra protein. ", "rating": "4", "user": 4, "created_at": "2021-12-06T21:13:32.530Z", "is_active": true, "price": null, "saved_by": []}}, {"model": "dish.dish", "pk": 14, "fields": {"name": "Gyoza Combo", "media": "dishes/o.jpg", "resturant": 7, "review": "Such good ramen and gyoza. Ramen had authentic toppings, but a little out of my comfort zone, so I removed them. Ordered a second serving of gyoza because it was so good!", "rating": "5", "user": 3, "created_at": "2021-12-06T21:15:35.919Z", "is_active": true, "price": null, "saved_by": []}}, {"model": "dish.dish", "pk": 16, "fields": {"name": "Shack Burger", "media": "dishes/panini.jpg", "resturant": 33, "review": "Honestly not a fan -- the wait took FOREVER and the food wasn't even that good. The cashier got into a huge fight with someone else which made the whole environment tense inside. Portions were small and not that good. ", "rating": "1", "user": 4, "created_at": "2021-12-06T21:17:16.685Z", "is_active": true, "price": null, "saved_by": []}}, {"model": "dish.dish", "pk": 17, "fields": {"name": "Micro original with strawberries topping", "media": "dishes/Screen_Shot_2021-12-06_at_4.17.32_PM.png", "resturant": 24, "review": "My favorite! I spend way too much money here. Sweet and tart. Very refreshing desert.  ", "rating": "5", "user": 3, "created_at": "2021-12-06T21:21:29.359Z", "is_active": true, "price": null, "saved_by": []}}, {"model": "dish.dish", "pk": 18, "fields": {"name": "Vanilla Iced Latte", "media": "dishes/PavementCoffeeNewbury_maevestier.jpg", "resturant": 28, "review": "Super good but finished in just a few sips. Not worth it for high coffee price!", "rating": "2", "user": 3, "created_at": "2021-12-06T22:04:49.456Z", "is_active": true, "price": null, "saved_by": [3]}}, {"model": "dish.dish", "pk": 19, "fields": {"name": "Souvlaki Classic", "media": "dishes/souvlaki-plate.jpg", "resturant": 38, "review": "Pretty good. Love the different components of the dish. Some fat on the chicken. Wish it had more fries!", "rating": "4", "user": 3, "created_at": "2021-12-06T22:41:24.947Z", "is_active": true, "price": null, "saved_by": []}}, {"model": "dish.dish", "pk": 20, "fields": {"name": "Margherita Pizza", "media": "dishes/258s.jpg", "resturant": 10, "review": "For an Italian restaurant, this was pretty bad! Not cooked enough so the mozzarella was raw. Hard chunks of cheese made the pizza pretty bad.", "rating": "1", "user": 3, "created_at": "2021-12-06T23:01:52.368Z", "is_active": true, "price": null, "saved_by": []}}, {"model": "dish.dish", "pk": 21, "fields": {"name": "Popover", "media": "dishes/Screen_Shot_2021-12-06_at_6.04.03_PM.png", "resturant": 35, "review": "A-M-A-Z-I-N-G! They run out quick, so you have to grab one early in the morning. Light, flaky, gooey inside. Perfect with a side of Clover's apple butter. ", "rating": "5", "user": 3, "created_at": "2021-12-06T23:06:19.971Z", "is_active": true, "price": null, "saved_by": []}}, {"model": "dish.dish", "pk": 22, "fields": {"name": "The LeBron James", "media": "dishes/260122162_10159787834529176_911229746872152032_n.jpg", "resturant": 39, "review": "Wow! So many flavors in this. A little hard to eat, but you can never go wrong with Mr. Bartley's.", "rating": "4", "user": 3, "created_at": "2021-12-06T23:09:25.092Z", "is_active": true, "price": null, "saved_by": []}}, {"model": "dish.dish", "pk": 23, "fields": {"name": "Black and White Malted Milkshake", "media": "dishes/tumblr_oeh1vh3LKp1u4sdgio1_1280.jpg", "resturant": 39, "review": "An average black and white milkshake. Great size portions. Sorta wish it had a little more to it.", "rating": "3", "user": 3, "created_at": "2021-12-06T23:11:49.361Z", "is_active": true, "price": null, "saved_by": []}}, {"model": "dish.dish", "pk": 24, "fields": {"name": "Momofuku", "media": "dishes/Screen_Shot_2021-12-06_at_6.18.19_PM.png", "resturant": 18, "review": "This is heaven on earth. Slightly crunchy on the border and soft as a cloud on the inside. Takes sweetness to a whole new level.", "rating": "5", "user": 3, "created_at": "2021-12-06T23:21:33.359Z", "is_active": true, "price": null, "saved_by": []}}, {"model": "dish.dish", "pk": 25, "fields": {"name": "Fruit Delight", "media": "dishes/69156209_2811051152255609_4636394351100952576_n.jpg", "resturant": 26, "review": "Delicious dessert! Very sweet, maybe too sweet? Make sure you have plenty of room in your stomachthe waffle and toppings are quite heavy.", "rating": "4", "user": 3, "created_at": "2021-12-07T16:42:05.902Z", "is_active": true, "price": null, "saved_by": []}}, {"model": "dish.dish", "pk": 26, "fields": {"name": "Turkey Avocado", "media": "dishes/Black_Sheep_6.jpg", "resturant": 27, "review": "Yum! So many good flavors in this one. Very filling and nutritious. A little difficult and messy to eat. Also there was a very long line and wait.", "rating": "4", "user": 3, "created_at": "2021-12-07T16:44:56.848Z", "is_active": true, "price": null, "saved_by": []}}, {"model": "dish.dish", "pk": 27, "fields": {"name": "Speculoos Latte", "media": "dishes/s205818770129430218_p16_i1_w1366.jpg", "resturant": 26, "review": "The flavoring is Belgian cookie butter. Perfect on a cold winter day. ", "rating": "5", "user": 3, "created_at": "2021-12-07T16:49:30.657Z", "is_active": true, "price": null, "saved_by": []}}, {"model": "dish.dish", "pk": 28, "fields": {"name": "Bacon, Egg, & Fig", "media": "dishes/IMG_7847.jpeg", "resturant": 27, "review": "An adventurous Sunday morning delicacy.", "rating": "5", "user": 3, "created_at": "2021-12-07T20:08:24.027Z", "is_active": true, "price": null, "saved_by": []}}, {"model": "dish.save", "pk": 8, "fields": {"dish": 3, "created_at": "2021-12-06T20:28:36.335Z", "saved_by": 3}}, {"model": "dish.save", "pk": 10, "fields": {"dish": 8, "created_at": "2021-12-06T20:41:58.462Z", "saved_by": 4}}, {"model": "dish.save", "pk": 11, "fields": {"dish": 5, "created_at": "2021-12-06T20:54:36.978Z", "saved_by": 4}}, {"model": "dish.save", "pk": 12, "fields": {"dish": 16, "created_at": "2021-12-06T21:18:58.648Z", "saved_by": 3}}, {"model": "dish.save", "pk": 13, "fields": {"dish": 16, "created_at": "2021-12-06T22:38:54.496Z", "saved_by": 2}}, {"model": "dish.save", "pk": 14, "fields": {"dish": 13, "created_at": "2021-12-07T01:14:59.942Z", "saved_by": 2}}, {"model": "dish.save", "pk": 15, "fields": {"dish": 8, "created_at": "2021-12-07T02:54:34.012Z", "saved_by": 2}}, {"model": "dish.save", "pk": 16, "fields": {"dish": 22, "created_at": "2021-12-07T02:58:17.285Z", "saved_by": 2}}]